Type,Arrêt,tag,acces_handi,coord_geo
metro,Malakoff - Rue Étienne Dolet,station,,"(48.815329, 2.2969858)"
rer,Le Bourget,station,yes,"(48.9308009, 2.4257459)"
tram,La Défense - Grande Arche,tram_stop,yes,"(48.8929638, 2.2378749)"
tram,Parc de Saint-Cloud,tram_stop,yes,"(48.8434202, 2.2219634)"
metro,Les Sablons,station,yes,"(48.8809365, 2.2722281)"
metro,George V,station,no,"(48.8720617, 2.3004148)"
metro,Franklin D. Roosevelt,station,no,"(48.8690339, 2.3099266)"
metro,Tuileries,station,no,"(48.864244, 2.330436)"
metro,Louvre — Rivoli,station,no,"(48.8608027, 2.3411235)"
metro,Châtelet,station,no,"(48.8587782, 2.3474106)"
metro,Saint-Paul,station,no,"(48.8553907, 2.3604173)"
metro,Reuilly — Diderot,station,no,"(48.8473591, 2.3868055)"
metro,Porte de Vincennes,station,no,"(48.8473335, 2.4080861)"
tram,Musée de Sèvres,tram_stop,yes,"(48.8287506, 2.2253263)"
metro,Marcel Sembat,station,no,"(48.8336468, 2.2435931)"
metro,La Motte-Picquet - Grenelle,station,limited,"(48.8489809, 2.2981916)"
metro,Cambronne,station,no,"(48.8475232, 2.3029457)"
metro,Dupleix,station,no,"(48.8504095, 2.2936611)"
rer,Gennevilliers,station,yes,"(48.9336382, 2.3075385)"
rer,Arcueil - Cachan,station,yes,"(48.7986105, 2.3280777)"
metro,Mairie d'Issy,station,no,"(48.8241474, 2.2731713)"
metro,Corentin Celton,station,no,"(48.8270526, 2.2793746)"
metro,Convention,station,no,"(48.8373115, 2.2966255)"
metro,La Défense - Grande Arche,station,yes,"(48.8916906, 2.2386641)"
rer,Invalides,station,yes,"(48.8628261, 2.3138373)"
rer,Bry-sur-Marne,station,yes,"(48.8446359, 2.5261501)"
rer,Noisy-Champs,station,yes,"(48.8429677, 2.580981)"
rer,Les Noues,station,,"(49.0323514, 2.4765282)"
tram,Meudon-sur-Seine,tram_stop,yes,"(48.8191867, 2.2391994)"
metro,Porte d'Orléans,station,yes,"(48.8236353, 2.3256519)"
metro,Alésia,station,no,"(48.8280318, 2.3270406)"
metro,Mouton-Duvernet,station,no,"(48.8312847, 2.3298549)"
metro,Denfert-Rochereau,station,limited,"(48.8342613, 2.3326258)"
metro,Raspail,station,no,"(48.8388977, 2.3306662)"
metro,Saint-Jacques,station,no,"(48.8330168, 2.3366295)"
metro,Glacière,station,no,"(48.8311288, 2.3434842)"
metro,Corvisart,station,no,"(48.8298121, 2.3505357)"
metro,Place d'Italie,station,no,"(48.8309424, 2.3559375)"
metro,Nationale,station,no,"(48.8332293, 2.362847)"
metro,Chevaleret,station,no,"(48.8349584, 2.3680641)"
metro,Quai de la Gare,station,no,"(48.8370598, 2.3728539)"
metro,Stalingrad,station,yes,"(48.8842416, 2.3670741)"
rer,Émerainville — Pontault-Combault,station,no,"(48.8061137, 2.6184463)"
rer,Les Yvris-Noisy-le-Grand,station,no,"(48.8231687, 2.5797647)"
rer,Les Boullereaux - Champigny,station,,"(48.8248575, 2.5118822)"
rer,Noisy-le-Grand — Mont d’Est,station,yes,"(48.8407958, 2.5477591)"
rer,Marne-la-Vallée Chessy - Parcs Disneyland (RER),station,yes,"(48.8698376, 2.782202)"
metro,Nation,station,no,"(48.847611, 2.3955668)"
metro,Château de Vincennes,station,no,"(48.8445799, 2.438912)"
metro,Bérault,station,no,"(48.8454473, 2.4292637)"
rer,Fontenay-sous-Bois,station,limited,"(48.8437078, 2.4637379)"
rer,Rosny - Bois-Perrier,station,,"(48.8825387, 2.4812324)"
metro,Buttes Chaumont,station,no,"(48.8783961, 2.3812008)"
metro,Bolivar,station,,"(48.8809263, 2.3739077)"
metro,Buzenval,station,no,"(48.8518166, 2.4013757)"
metro,Saint-Mandé,station,no,"(48.846435, 2.4184422)"
metro,Ménilmontant,station,no,"(48.8667079, 2.3833739)"
metro,Père Lachaise,station,,"(48.8629496, 2.3874348)"
metro,Philippe Auguste,station,no,"(48.8582563, 2.3901666)"
metro,Alexandre Dumas,station,no,"(48.8563062, 2.3944977)"
metro,Belleville,station,no,"(48.872053, 2.3769446)"
metro,Couronnes,station,no,"(48.869062, 2.3804698)"
metro,Colonel Fabien,station,no,"(48.8774215, 2.3710197)"
metro,Blanche,station,no,"(48.8834886, 2.3336343)"
metro,Place de Clichy,station,no,"(48.8834466, 2.3272634)"
metro,Rome,station,no,"(48.8822428, 2.3213306)"
metro,Villiers,station,no,"(48.8811192, 2.3149051)"
metro,Monceau,station,no,"(48.8802919, 2.3085925)"
metro,Porte Dauphine,station,no,"(48.871318, 2.2777713)"
metro,Rue Saint-Maur,station,no,"(48.8643338, 2.3794812)"
metro,Parmentier,station,no,"(48.8653786, 2.3739112)"
metro,Temple,station,no,"(48.8665004, 2.360708)"
metro,Arts et Métiers,station,no,"(48.8654414, 2.3561316)"
metro,Bourse,station,no,"(48.8686296, 2.3414739)"
metro,Quatre Septembre,station,no,"(48.8695954, 2.3359026)"
metro,Opéra,station,no,"(48.8706446, 2.33233)"
metro,Havre - Caumartin,station,no,"(48.8736792, 2.3273189)"
metro,Malesherbes,station,no,"(48.8828567, 2.3092267)"
metro,Wagram,station,no,"(48.884005, 2.3037188)"
metro,Pereire,station,no,"(48.8848146, 2.2982736)"
metro,Porte de Champerret,station,no,"(48.8859272, 2.2934906)"
metro,Vaugirard,station,no,"(48.8395785, 2.3012923)"
metro,Volontaires,station,no,"(48.8415194, 2.3080031)"
metro,Falguière,station,no,"(48.8444916, 2.317965)"
metro,Duroc,station,no,"(48.8468544, 2.3166375)"
metro,Saint-François-Xavier,station,no,"(48.851398, 2.3144012)"
metro,Varenne,station,no,"(48.8568023, 2.3150585)"
rer,Torcy,station,yes,"(48.839553, 2.6543891)"
metro,Bel-Air,station,no,"(48.8413382, 2.4009317)"
rer,Corbeil-Essonnes,station,,"(48.6140087, 2.473565)"
rer,Maisse,station,,"(48.3936614, 2.3934402)"
rer,Buno - Gironville,station,,"(48.370847, 2.3871153)"
rer,Ballancourt,station,,"(48.5321637, 2.3711049)"
rer,Moulin-Galant,station,,"(48.5862473, 2.4734753)"
rer,Essonnes - Robinson,station,,"(48.6056156, 2.4626195)"
rer,Le Coudray - Montceaux,station,,"(48.5661679, 2.4924649)"
rer,Saint-Fargeau,station,,"(48.5644884, 2.5426438)"
rer,Ponthierry - Pringy,station,,"(48.535017, 2.5448933)"
rer,Melun,station,,"(48.5274833, 2.6551924)"
metro,Marx Dormoy,station,no,"(48.8905061, 2.3599967)"
metro,Gabriel Péri,station,,"(48.9163939, 2.2946589)"
metro,Jacques Bonsergent,station,,"(48.8711191, 2.3607546)"
tram,Les Coquetiers,tram_stop,,"(48.8924898, 2.4993918)"
tram,Gargan,tram_stop,,"(48.9073546, 2.5165518)"
tram,Freinville - Sevran,tram_stop,,"(48.9265328, 2.5191432)"
tram,Rougemont - Chanteloup,tram_stop,,"(48.9309466, 2.5150612)"
tram,Aulnay-sous-Bois,tram_stop,,"(48.9319525, 2.496115)"
tram,Allée de la Tour-Rendez-Vous,tram_stop,,"(48.897132, 2.5064295)"
metro,Anatole France,station,no,"(48.8920499, 2.2850318)"
metro,Croix de Chavaux,station,no,"(48.857946, 2.4357587)"
metro,Mairie de Montreuil,station,no,"(48.8625988, 2.441569)"
metro,Pont de Levallois – Bécon,station,no,"(48.8971408, 2.2803973)"
metro,Louise Michel,station,,"(48.8882803, 2.2884734)"
tram,Issy Val-de-Seine,tram_stop,yes,"(48.8297648, 2.2631174)"
metro,Maraîchers,station,no,"(48.8526992, 2.4061094)"
metro,Robespierre,station,no,"(48.8558145, 2.4237108)"
metro,Rue des Boulets,station,no,"(48.8525808, 2.3887914)"
metro,Charonne,station,no,"(48.8547441, 2.3853565)"
metro,Voltaire,station,no,"(48.858158, 2.3798044)"
metro,Saint-Ambroise,station,no,"(48.8610516, 2.3747956)"
metro,Oberkampf,station,no,"(48.8640529, 2.3694165)"
metro,Bonne Nouvelle,station,no,"(48.8706233, 2.3487498)"
metro,Grands Boulevards,station,no,"(48.8714412, 2.3434953)"
metro,Saint-Augustin,station,no,"(48.8744582, 2.3218162)"
metro,Cardinal Lemoine,station,,"(48.8465283, 2.351772)"
metro,Maubert - Mutualité,station,no,"(48.8501284, 2.3483786)"
metro,Cluny-La Sorbonne,station,limited,"(48.8511281, 2.3442177)"
metro,Odéon,station,no,"(48.8522428, 2.3393369)"
metro,Mabillon,station,no,"(48.8528994, 2.3349474)"
metro,Balard,station,no,"(48.8363968, 2.278379)"
metro,Lourmel,station,no,"(48.8387364, 2.2821481)"
metro,Boucicaut,station,no,"(48.8410837, 2.2879218)"
metro,Félix Faure,station,no,"(48.8426775, 2.2917792)"
metro,Dugommier,station,no,"(48.8390481, 2.389721)"
metro,Daumesnil,station,no,"(48.8395499, 2.3959426)"
metro,Bercy,station,yes,"(48.8401549, 2.3799474)"
metro,Montparnasse-Bienvenüe,station,no,"(48.8421022, 2.3202714)"
metro,Pasteur,station,no,"(48.8429314, 2.3125908)"
metro,Kléber,station,no,"(48.8716801, 2.2935185)"
metro,Boissière,station,no,"(48.8670206, 2.2901583)"
metro,Passy,station,yes,"(48.8575009, 2.285778)"
metro,Iéna,station,no,"(48.8646725, 2.2937783)"
metro,Rue de la Pompe,station,no,"(48.8640416, 2.2780752)"
metro,La Muette,station,no,"(48.8579754, 2.274062)"
metro,Ranelagh,station,no,"(48.8555764, 2.2702166)"
metro,Jasmin,station,no,"(48.8525598, 2.2681802)"
metro,Michel-Ange - Auteuil,station,no,"(48.8479434, 2.2641344)"
metro,Michel-Ange - Molitor,station,no,"(48.8452434, 2.261895)"
metro,Exelmans,station,no,"(48.8430044, 2.2600472)"
metro,Porte de Saint-Cloud,station,no,"(48.8377707, 2.2565741)"
metro,Alma-Marceau,station,no,"(48.8649686, 2.3006256)"
metro,Saint-Philippe du Roule,station,no,"(48.8723362, 2.3100827)"
metro,Miromesnil,station,yes,"(48.873719, 2.3145029)"
metro,Sèvres-Babylone,station,no,"(48.851378, 2.3269335)"
metro,Mairie de Clichy,station,,"(48.9032278, 2.3059879)"
metro,Brochant,station,no,"(48.8905757, 2.3202004)"
metro,La Fourche,station,no,"(48.886971, 2.3258228)"
metro,Ségur,station,no,"(48.8470114, 2.3074897)"
metro,Avenue Émile Zola,station,no,"(48.8470132, 2.2953191)"
metro,Assemblée Nationale,station,no,"(48.860697, 2.3210551)"
metro,Solférino,station,no,"(48.858657, 2.3229936)"
metro,Rennes,station,no,"(48.8481424, 2.3278065)"
metro,Notre-Dame des Champs,station,no,"(48.844688, 2.3288305)"
metro,Commerce,station,no,"(48.8447112, 2.2938643)"
metro,École Militaire,station,no,"(48.8546647, 2.3060728)"
metro,La Tour Maubourg,station,no,"(48.8575602, 2.3103234)"
metro,Filles du Calvaire,station,no,"(48.8633194, 2.3666124)"
metro,Saint-Sébastien - Froissart,station,no,"(48.8611816, 2.3671925)"
metro,Chemin Vert,station,no,"(48.8574497, 2.3681089)"
metro,Ledru-Rollin,station,no,"(48.8512945, 2.3760274)"
metro,Faidherbe — Chaligny,station,no,"(48.8501609, 2.3842222)"
metro,Montgallet,station,no,"(48.844304, 2.3901962)"
metro,Michel Bizot,station,no,"(48.8370694, 2.4024586)"
metro,Liberté,station,no,"(48.8264064, 2.406201)"
metro,Porte Dorée,station,no,"(48.8352765, 2.4061775)"
metro,Picpus,station,no,"(48.8450817, 2.4010991)"
metro,Porte de Charenton,station,no,"(48.8322315, 2.3990408)"
metro,Trinité d'Estienne d'Orves,station,no,"(48.8763251, 2.3326415)"
metro,Notre-Dame de Lorette,station,no,"(48.8759935, 2.3385437)"
metro,Saint-Georges,station,no,"(48.8784469, 2.337458)"
metro,Abbesses,station,no,"(48.8845677, 2.3379294)"
metro,Lamarck - Caulaincourt,station,no,"(48.8897543, 2.3388254)"
metro,Jules Joffrin,station,no,"(48.8924628, 2.3446394)"
metro,Porte de la Chapelle,station,limited,"(48.8977035, 2.3594563)"
metro,Simplon,station,no,"(48.8938481, 2.3478412)"
metro,Gare de l'Est,station,,"(48.8762027, 2.3579127)"
metro,Cité,station,no,"(48.8552968, 2.3475476)"
metro,Saint-Michel,station,yes,"(48.8533014, 2.3435309)"
metro,Saint-Germain-des-Prés,station,no,"(48.853638, 2.3344604)"
metro,Saint-Placide,station,no,"(48.8471196, 2.3270286)"
metro,Vavin,station,no,"(48.8422164, 2.3290114)"
metro,Charles Michels,station,no,"(48.8465262, 2.2858801)"
metro,Javel - André Citroën,station,no,"(48.8461584, 2.2783035)"
metro,Église d'Auteuil,station,no,"(48.8473406, 2.2686929)"
metro,Porte d'Auteuil,station,no,"(48.8479478, 2.2586493)"
metro,Chardon-Lagache,station,no,"(48.845414, 2.267172)"
metro,Mirabeau,station,no,"(48.8468038, 2.2717155)"
metro,Boulogne - Jean Jaurès,station,no,"(48.841978, 2.238742)"
metro,Boulogne - Pont de Saint-Cloud,station,no,"(48.8407449, 2.2285445)"
metro,Goncourt,station,no,"(48.8699854, 2.3710671)"
metro,Rambuteau,station,no,"(48.86178, 2.353809)"
metro,Télégraphe,station,no,"(48.875525, 2.3990429)"
metro,Pyrénées,station,no,"(48.8738565, 2.3852638)"
metro,Jourdain,station,no,"(48.8750944, 2.38933)"
metro,Gaîté,station,no,"(48.8386332, 2.3224866)"
metro,Plaisance,station,no,"(48.8317799, 2.3140252)"
metro,Pernety,station,no,"(48.8340019, 2.3181769)"
metro,Malakoff - Plateau de Vanves,station,yes,"(48.8225032, 2.2984833)"
metro,Bréguet-Sabin,station,no,"(48.8566333, 2.3704333)"
metro,Richard Lenoir,station,no,"(48.8602134, 2.3720741)"
metro,Riquet,station,no,"(48.8884812, 2.3742226)"
metro,Crimée,station,no,"(48.8908513, 2.3773681)"
metro,Corentin Cariou,station,no,"(48.8947282, 2.3823046)"
metro,Porte de la Villette,station,,"(48.8974039, 2.385591)"
metro,Sully - Morland,station,no,"(48.8513954, 2.3618174)"
metro,Pont Marie,station,no,"(48.8537872, 2.3565905)"
metro,Place Monge,station,no,"(48.8429053, 2.3522772)"
metro,Censier - Daubenton,station,no,"(48.8406473, 2.3519334)"
metro,Les Gobelins,station,no,"(48.8356445, 2.3527513)"
metro,Pré Saint-Gervais,station,,"(48.8799345, 2.3990632)"
metro,Danube,station,no,"(48.8819444, 2.3933608)"
metro,Mairie des Lilas,station,no,"(48.8797602, 2.4164717)"
metro,Saint-Fargeau,station,no,"(48.8715218, 2.4043104)"
metro,Pelleport,station,no,"(48.8680997, 2.4013152)"
metro,Saint-Marcel,station,no,"(48.8382761, 2.3608491)"
metro,Campo-Formio,station,no,"(48.8356545, 2.3589273)"
metro,Guy Môquet,station,no,"(48.8927239, 2.3273521)"
metro,Porte de Saint-Ouen,station,,"(48.8971883, 2.328869)"
metro,Garibaldi,station,no,"(48.9057701, 2.3317631)"
metro,Tolbiac,station,no,"(48.8260904, 2.3573505)"
metro,Maison Blanche,station,no,"(48.8224745, 2.358504)"
metro,Porte d'Italie,station,no,"(48.8190866, 2.359533)"
metro,Les Agnettes,station,yes,"(48.9231172, 2.2862019)"
metro,Fort d'Aubervilliers,station,,"(48.9142573, 2.4038072)"
metro,Aubervilliers - Pantin - Quatre Chemins,station,,"(48.9036279, 2.3922499)"
metro,La Courneuve - 8 mai 1945,station,,"(48.9207595, 2.410766)"
rer,Garges - Sarcelles,station,yes,"(48.9767849, 2.3904795)"
metro,Champs-Élysées - Clemenceau,station,no,"(48.8678013, 2.3138853)"
rer,Le Vésinet - Le Pecq,station,yes,"(48.8982337, 2.121941)"
rer,Le Bras-de-Fer - Évry - Génopole,station,,"(48.6232324, 2.4507665)"
rer,Évry Courcouronnes-Centre,station,,"(48.625989, 2.428907)"
rer,La Ferté-Alais,station,,"(48.4847616, 2.3517701)"
rer,Noisiel,station,yes,"(48.8434831, 2.6163935)"
rer,Lognes,station,yes,"(48.839115, 2.6336984)"
metro,Créteil-L'Échat,station,,"(48.7965908, 2.4493852)"
metro,Créteil Université,station,,"(48.7899004, 2.4505696)"
metro,Maisons-Alfort — Les Juilliottes,station,no,"(48.8033311, 2.4456085)"
metro,Maisons-Alfort — Stade,station,no,"(48.8090371, 2.4347211)"
metro,École Vétérinaire de Maisons-Alfort,station,no,"(48.8150196, 2.4217316)"
metro,Charenton-Écoles,station,no,"(48.8215612, 2.4137829)"
tram,Brimborion,tram_stop,yes,"(48.8221655, 2.2313906)"
rer,La Plaine - Stade de France,station,yes,"(48.9182399, 2.3624012)"
tram,L'Abbaye,tram_stop,,"(48.9220568, 2.5165721)"
tram,Lycée Henri Sellier,tram_stop,,"(48.916051, 2.5150968)"
metro,Villejuif - Léo Lagrange,station,no,"(48.8051317, 2.3637903)"
metro,Villejuif - Louis Aragon,station,yes,"(48.7869402, 2.3673857)"
metro,Villejuif - Paul Vaillant-Couturier,station,,"(48.7961557, 2.3683565)"
metro,Le Kremlin-Bicêtre,station,no,"(48.810328, 2.3622359)"
rer,Nogent – Le Perreux,station,,"(48.8386144, 2.4942525)"
rer,Grigny-Centre,station,,"(48.6542503, 2.3963647)"
metro,Saint-Sulpice,station,no,"(48.8511006, 2.3307247)"
metro,Château Landon,station,no,"(48.8788923, 2.3624779)"
rer,Luxembourg,station,yes,"(48.8454719, 2.339808)"
rer,La Courneuve - Aubervilliers,station,,"(48.9240954, 2.384957)"
rer,Magenta,station,limited,"(48.8807194, 2.3590962)"
rer,Pantin,station,no,"(48.8979517, 2.4004902)"
rer,Drancy,station,limited,"(48.9327015, 2.4545327)"
rer,Survilliers - Fosses,station,,"(49.0995663, 2.5255044)"
rer,Chantilly - Gouvieux,station,,"(49.1872381, 2.4595267)"
rer,Orry-la-Ville Coye-la-Forêt,station,,"(49.13816, 2.4903877)"
rer,La Borne Blanche,station,,"(49.1269972, 2.5057866)"
rer,Gretz-Armainvilliers,station,,"(48.7454025, 2.7286494)"
rer,Le Blanc-Mesnil,station,,"(48.9322839, 2.4771892)"
metro,Bir-Hakeim,station,yes,"(48.8538898, 2.2893811)"
rer,Boutigny,station,,"(48.4348564, 2.3762291)"
rer,Auber,station,yes,"(48.8722245, 2.3297877)"
metro,Billancourt,station,,"(48.8317277, 2.2373655)"
rer,Franconville - Le Plessis-Bouchard,station,,"(48.9934276, 2.2350311)"
metro,Pont de Sèvres,station,no,"(48.8296613, 2.2308732)"
rer,Mennecy,station,,"(48.5710339, 2.433119)"
rer,Nanterre-Préfecture,station,yes,"(48.8957273, 2.2231626)"
metro,Porte de Choisy,station,no,"(48.8201241, 2.3647858)"
metro,Pierre et Marie Curie,station,no,"(48.8159011, 2.3773455)"
metro,Vaneau,station,no,"(48.8491427, 2.3218878)"
rer,Savigny-le-Temple - Nandy,station,,"(48.5955618, 2.5839163)"
rer,Boussy-Saint-Antoine,station,,"(48.6808529, 2.5328555)"
rer,Combs-la-Ville - Quincy,station,yes,"(48.6675439, 2.5478602)"
rer,Vigneux-sur-Seine,station,,"(48.7082768, 2.4144646)"
tram,Remise à Jorelle,tram_stop,yes,"(48.8930277, 2.4882722)"
tram,Bondy,tram_stop,yes,"(48.8940455, 2.480314)"
rer,Villabé,station,,"(48.5928817, 2.4614421)"
rer,Brunoy,station,limited,"(48.6991148, 2.5064435)"
rer,Le Plessis-Chenet,station,,"(48.5735643, 2.4795726)"
rer,Malesherbes,station,,"(48.2934162, 2.4011985)"
tram,Porte d'Orléans,tram_stop,yes,"(48.8233117, 2.3248777)"
tram,Porte d'Orléans,tram_stop,yes,"(48.8229685, 2.3262586)"
rer,Nanterre-Université,station,no,"(48.9010513, 2.2133626)"
metro,Ternes,station,no,"(48.8782859, 2.2990808)"
metro,Créteil-Pointe du Lac,station,,"(48.7687461, 2.4643793)"
rer,Robinson,station,yes,"(48.7800971, 2.2812102)"
rer,Bourg-la-Reine,station,yes,"(48.7802471, 2.312232)"
rer,Val d'Europe,station,yes,"(48.8555153, 2.7736493)"
tram,Issy Val-de-Seine,tram_stop,yes,"(48.8297745, 2.2630701)"
tram,Jacques-Henri Lartigue,tram_stop,yes,"(48.8247736, 2.2605318)"
metro,Avron,station,no,"(48.8514841, 2.3981859)"
rer,Gare de Lyon,station,no,"(48.8435283, 2.3743132)"
rer,Gentilly,station,yes,"(48.8153713, 2.3408362)"
rer,Nogent-sur-Marne,station,yes,"(48.8351671, 2.4718177)"
tram,Henri Farman,tram_stop,yes,"(48.8347291, 2.2712692)"
tram,Parc de Saint-Cloud,tram_stop,yes,"(48.8430137, 2.2218074)"
tram,Belvédère,tram_stop,yes,"(48.8760231, 2.22595)"
metro,Marcadet - Poissonniers,station,no,"(48.8914837, 2.3497296)"
tram,Les Coteaux,tram_stop,yes,"(48.8573802, 2.2205603)"
tram,Les Milons,tram_stop,yes,"(48.8498344, 2.2212108)"
tram,Les Moulineaux,tram_stop,yes,"(48.8214549, 2.2510185)"
tram,Puteaux,tram_stop,yes,"(48.8832813, 2.2337961)"
tram,Suresnes - Longchamp,tram_stop,yes,"(48.8682858, 2.2213691)"
rer,Saint-Ouen-l'Aumône,station,yes,"(49.0453394, 2.1060616)"
rer,Choisy-le-Roi,station,,"(48.7643737, 2.4112139)"
tram,Rougemont - Chanteloup,tram_stop,,"(48.9307979, 2.5153232)"
tram,L'Abbaye,tram_stop,,"(48.9218616, 2.5163429)"
tram,Freinville - Sevran,tram_stop,,"(48.9264278, 2.5191086)"
tram,Lycée Henri Sellier,tram_stop,,"(48.9160467, 2.5150584)"
metro,Sèvres-Lecourbe,station,no,"(48.8456163, 2.3095848)"
rer,Vincennes,station,yes,"(48.8473177, 2.4334904)"
rer,Nation,station,yes,"(48.8482705, 2.3958306)"
rer,Les Ardoines,station,no,"(48.7829984, 2.4094509)"
metro,Bobigny - Pablo Picasso,station,,"(48.9060505, 2.4492007)"
tram,Porte de Choisy,tram_stop,yes,"(48.8197321, 2.3641113)"
metro,Porte de Clignancourt,station,no,"(48.8973976, 2.3448521)"
rer,Boissy-Saint-Léger,station,,"(48.7530368, 2.5052633)"
rer,Le Vésinet Centre,station,yes,"(48.8900879, 2.1345954)"
tram,Aulnay-sous-Bois,tram_stop,,"(48.9319207, 2.4962517)"
rer,Joinville-le-Pont,station,yes,"(48.8210037, 2.463862)"
rer,Chelles Gournay,station,,"(48.874144, 2.5827315)"
rer,Ermont - Eaubonne,station,yes,"(48.980694, 2.2714017)"
metro,Europe,station,no,"(48.8787676, 2.3222643)"
tram,Les Coquetiers,tram_stop,,"(48.8925198, 2.4993722)"
metro,Botzaris,station,no,"(48.8794926, 2.3885791)"
metro,Jaurès,station,no,"(48.8825949, 2.3703263)"
metro,Porte de Vanves,station,no,"(48.827676, 2.3054796)"
metro,Place des Fêtes,station,no,"(48.8767737, 2.3935636)"
metro,Mairie de Montrouge,station,yes,"(48.8183525, 2.3193273)"
metro,Porte de Montreuil,station,,"(48.8535248, 2.4106511)"
tram,Escadrille Normandie-Niémen,tram_stop,yes,"(48.9126989, 2.4354281)"
tram,Pont de Bondy,tram_stop,yes,"(48.9046938, 2.4699752)"
tram,Auguste Delaune,tram_stop,yes,"(48.9066927, 2.4605385)"
rer,Achères - Ville,station,yes,"(48.9702027, 2.0777351)"
rer,Cergy-le-Haut,station,yes,"(49.0487859, 2.0123707)"
rer,Cergy Préfecture,station,yes,"(49.0365967, 2.0794815)"
rer,Cergy Saint-Christophe,station,yes,"(49.0496017, 2.0346919)"
rer,Conflans-Fin-d'Oise,station,yes,"(48.9899239, 2.0741158)"
rer,Neuville Université,station,yes,"(49.0142697, 2.0782873)"
tram,Les Pavillons sous Bois,tram_stop,,"(48.9027583, 2.5119998)"
rer,Avenue du Président Kennedy,station,,"(48.8532278, 2.2801681)"
rer,Pontoise,station,,"(49.0467275, 2.0951961)"
rer,Étampes,station,,"(48.4369677, 2.1594697)"
rer,Issy - Val-de-Seine,station,yes,"(48.829667, 2.2633387)"
rer,Musée d'Orsay,station,no,"(48.8605712, 2.326094)"
rer,Versailles-Château-Rive-Gauche,station,yes,"(48.8002576, 2.129185)"
rer,Javel,station,no,"(48.8465072, 2.2771727)"
metro,Porte Maillot,station,yes,"(48.8779379, 2.2819557)"
rer,Saint-Denis - L'Île-Saint-Denis,station,no,"(48.935061, 2.3454394)"
rer,Nanterre-Ville,station,yes,"(48.8954546, 2.1963555)"
rer,Cité Universitaire,station,yes,"(48.8205877, 2.3390071)"
tram,Porte de Vincennes,tram_stop,yes,"(48.8474078, 2.4096635)"
tram,Les Pavillons sous Bois,tram_stop,,"(48.9026648, 2.5119616)"
metro,Cour Saint-Émilion,station,yes,"(48.8335481, 2.3859541)"
rer,Châtelet - Les Halles,station,limited,"(48.8616513, 2.3470129)"
metro,République,station,,"(48.8676215, 2.3637014)"
rer,Bibliothèque François Mitterrand,station,yes,"(48.8297207, 2.3770491)"
rer,Bagneux,station,yes,"(48.7932621, 2.3211078)"
rer,Boissise-le-Roi,station,,"(48.5294351, 2.5728421)"
rer,Champ de Mars - Tour Eiffel,station,limited,"(48.8567083, 2.2897559)"
rer,Pont de l'Alma,station,yes,"(48.862527, 2.3000067)"
metro,Anvers,station,no,"(48.8828803, 2.3442565)"
metro,La Chapelle,station,no,"(48.8844068, 2.3603057)"
metro,Quai de la Rapée,station,no,"(48.8464943, 2.3658953)"
metro,Sentier,station,,"(48.8677091, 2.3457466)"
rer,Chamarande,station,,"(48.5143361, 2.2156384)"
rer,Lieusaint - Moissy,station,,"(48.6283387, 2.5695606)"
rer,Ablon,station,,"(48.7254534, 2.4194543)"
rer,Athis-Mons,station,,"(48.712617, 2.4036055)"
rer,Juvisy-sur-Orge,station,,"(48.6901705, 2.3837241)"
rer,Savigny-sur-Orge,station,,"(48.676094, 2.3520556)"
rer,Yerres,station,,"(48.7065517, 2.4834728)"
rer,Épinay-sur-Orge,station,,"(48.6693334, 2.3318791)"
rer,Bouray,station,,"(48.5332249, 2.2903726)"
rer,Brétigny-sur-Orge,station,,"(48.6068032, 2.3020586)"
rer,La Norville - Saint-Germain-lès-Arpajon,station,,"(48.5916376, 2.2672615)"
rer,Lardy,station,,"(48.520741, 2.2555159)"
rer,Marolles-en-Hurepoix,station,,"(48.5651268, 2.2909455)"
rer,Saint-Martin d'Étampes,station,,"(48.4274675, 2.1452675)"
rer,Saint-Michel-sur-Orge,station,,"(48.6357544, 2.3067841)"
rer,Sainte-Geneviève-des-Bois,station,,"(48.653119, 2.3132967)"
rer,Étréchy,station,yes,"(48.4936692, 2.1945652)"
rer,Arpajon,station,,"(48.5860031, 2.2411493)"
rer,Breuillet - Bruyères-le-Châtel,station,,"(48.577426, 2.1918832)"
rer,Breuillet - Village,station,,"(48.5645094, 2.1707596)"
rer,Saint-Chéron,station,,"(48.5511055, 2.125734)"
rer,Égly,station,,"(48.5825234, 2.2225767)"
rer,Creil,station,,"(49.2638064, 2.4691338)"
rer,Bièvres,station,,"(48.7511924, 2.2154872)"
rer,Chemin d'Antony,station,,"(48.7479468, 2.3127322)"
rer,Chilly-Mazarin,station,,"(48.7005761, 2.3082332)"
rer,Longjumeau,station,,"(48.7022797, 2.2944264)"
rer,Meudon Val Fleury,station,,"(48.8079004, 2.2412058)"
rer,Gravigny-Balizy,station,,"(48.6853477, 2.3178481)"
rer,Igny,station,,"(48.7400401, 2.230983)"
rer,Issy,station,,"(48.8199381, 2.2593442)"
rer,Massy Verrières,station,,"(48.7347833, 2.2734857)"
rer,Petit Vaux,station,,"(48.6760504, 2.3338377)"
rer,Avenue Foch,station,,"(48.8705615, 2.2752552)"
rer,Avenue Henri Martin,station,,"(48.8645533, 2.2721528)"
metro;rer,Gare d'Austerlitz,station,no,"(48.8423727, 2.3656105)"
rer,Pereire - Levallois,station,,"(48.8855014, 2.2981866)"
rer,Créteil Pompadour,station,,"(48.771529, 2.4353078)"
rer,Épinay-sur-Seine,station,,"(48.9542296, 2.3023104)"
rer,Chaville - Vélizy,station,no,"(48.7995676, 2.1840722)"
rer,Jouy-en-Josas,station,,"(48.7647766, 2.1635389)"
rer,Versailles-Chantiers,station,yes,"(48.7954702, 2.1355157)"
rer,Goussainville,station,,"(49.0239716, 2.4634342)"
rer,Saint-Ouen-l'Aumône Liesse,station,yes,"(49.0340111, 2.1282695)"
rer,Vauboyen,station,,"(48.7591621, 2.1922024)"
rer,Louvres,station,,"(49.0496211, 2.5019486)"
rer,Montigny - Beauchamp,station,,"(49.0074443, 2.1975369)"
rer,Petit Jouy - Les Loges,station,,"(48.7718405, 2.1470409)"
rer,Pierrelaye,station,,"(49.0194293, 2.1535658)"
rer,Porchefontaine,station,no,"(48.7966549, 2.1530942)"
rer,La Croix de Berny,station,limited,"(48.762474, 2.3046259)"
rer,Parc de Sceaux,station,,"(48.7705031, 2.3101657)"
rer,Antony,station,yes,"(48.7549273, 2.3009651)"
rer,Bussy-Saint-Georges,station,yes,"(48.8366482, 2.7098771)"
rer,Saint-Rémy-lès-Chevreuse,station,yes,"(48.7027301, 2.0709126)"
rer,Aéroport Charles-de-Gaulle 2 RER,station,yes,"(49.0040002, 2.5709599)"
rer,Saint-Quentin-en-Yvelines,station,,"(48.7874524, 2.0445253)"
rer,Ivry-sur-Seine,station,,"(48.814468, 2.391244)"
rer,Vitry sur Seine,station,limited,"(48.8006139, 2.4024811)"
rer,Maisons-Alfort - Alfortville,station,yes,"(48.8020233, 2.4265601)"
rer,Les Saules,station,,"(48.7454793, 2.4175668)"
rer,Orly Ville,station,,"(48.7418089, 2.402955)"
rer,Villeneuve-le-Roi,station,,"(48.7398541, 2.4263833)"
rer,Pont de Rungis Aéroport d'Orly,station,,"(48.7481834, 2.3728756)"
rer,Rungis - La Fraternelle,station,no,"(48.7404828, 2.3529205)"
rer,Neuilly-Plaisance,station,yes,"(48.8533755, 2.5138862)"
rer,Évry Val de Seine,station,,"(48.6345313, 2.4522217)"
rer,Ris-Orangis,station,yes,"(48.6593057, 2.4143688)"
rer,Saint-Cyr,station,no,"(48.7988184, 2.0733739)"
metro,Saint-Lazare,station,limited,"(48.8754153, 2.3253531)"
rer,Vosves,station,,"(48.5151115, 2.5991469)"
rer,Viry-Châtillon,station,,"(48.6762224, 2.3866238)"
rer,Villiers-sur-Marne - Le Plessis-Trévise,station,yes,"(48.8232512, 2.542552)"
rer,Villiers-le-Bel - Gonesse - Arnouville,station,limited,"(48.9938842, 2.4162156)"
rer,Villepinte,station,yes,"(48.9629265, 2.5124428)"
rer,Villeparisis - Mitry-le-Neuf,station,,"(48.9530327, 2.6025846)"
rer,Villeneuve Triage,station,,"(48.7451504, 2.4383471)"
rer,Villeneuve-Saint-Georges,station,,"(48.7301461, 2.4462178)"
rer,Boigneville,station,,"(48.342078, 2.3789793)"
rer,Massy-Palaiseau,station,,"(48.7259856, 2.2582896)"
rer,Vert Galant,station,,"(48.9443289, 2.5669569)"
rer,Sevran - Beaudottes,station,,"(48.9475609, 2.5247252)"
rer,Saint-Michel Notre-Dame,station,yes,"(48.8534806, 2.3454363)"
rer,Rosny-sous-Bois,station,,"(48.8706577, 2.4859002)"
rer,Pont du Garigliano-Hôpital Européen Georges-Pompidou,station,yes,"(48.8393018, 2.2706619)"
rer,Pierrefitte - Stains,station,yes,"(48.9618989, 2.3691612)"
rer,Parc des Expositions,station,yes,"(48.9734231, 2.5143675)"
rer,Orangis - Bois de l'Épine,station,yes,"(48.6363546, 2.4077455)"
rer,Noisy-le-Sec,station,,"(48.8965358, 2.4597443)"
rer,Neuilly - Porte Maillot,station,yes,"(48.8780667, 2.2846161)"
rer,Mitry - Claye,station,,"(48.9758874, 2.642312)"
rer,Grand Bourg,station,,"(48.6480745, 2.4359578)"
metro,Victor Hugo,station,yes,"(48.8699556, 2.2860385)"
metro,Concorde,station,no,"(48.8662052, 2.3223767)"
rer,Rosa Parks,station,,"(48.8964348, 2.374092)"
metro,Invalides,station,no,"(48.8608923, 2.3144984)"
metro,Trocadéro,station,no,"(48.863045, 2.2871938)"
metro,Pigalle,station,no,"(48.8822775, 2.3381228)"
metro,Château Rouge,station,no,"(48.8872884, 2.3495532)"
metro,Jussieu,station,no,"(48.8459626, 2.354801)"
rer,Sartrouville,station,yes,"(48.9378067, 2.1572739)"
rer,Viroflay Rive Gauche,station,,"(48.8006559, 2.1714029)"
rer,Sucy - Bonneuil,station,yes,"(48.7710746, 2.5075445)"
metro,Charles de Gaulle — Étoile,station,limited,"(48.8744088, 2.295508)"
rer,Cesson,station,,"(48.5656096, 2.5938942)"
rer,Poissy,station,yes,"(48.9333007, 2.0410599)"
rer,Bondy,station,limited,"(48.8940324, 2.4791346)"
rer,Le Mée-sur-Seine,station,,"(48.5400455, 2.6240921)"
rer,Montgeron - Crosne,station,,"(48.7081239, 2.4622526)"
rer,Sevran – Livry,station,,"(48.9360548, 2.5348109)"
rer,Tournan,station,,"(48.7395178, 2.7587093)"
rer,Ozoir-la-Ferrière,station,,"(48.7707494, 2.6902526)"
metro,Esplanade de La Défense,station,yes,"(48.8880492, 2.2500793)"
metro,Palais Royal - Musée du Louvre,station,no,"(48.8624906, 2.3360431)"
metro,Montparnasse-Bienvenüe,station,,"(48.8439336, 2.3241027)"
metro,Bastille,station,no,"(48.852987, 2.3688579)"
metro,Hôtel de Ville,station,no,"(48.8575899, 2.3515852)"
metro,Strasbourg - Saint-Denis,station,no,"(48.8693002, 2.3542855)"
metro,Barbès - Rochechouart,station,no,"(48.8837466, 2.3496958)"
metro,Porte des Lilas,station,no,"(48.8769658, 2.4064184)"
metro,Louis Blanc,station,no,"(48.8815943, 2.3657982)"
metro,Bibliothèque François Mitterrand,station,,"(48.8300059, 2.3768474)"
metro,Gare de Lyon,station,no,"(48.8451709, 2.3725553)"
rer,Gare du Nord (RER),station,yes,"(48.881399, 2.357438)"
rer,Cernay,station,,"(48.9851685, 2.2570121)"
tram,Porte de Versailles,tram_stop,yes,"(48.8318947, 2.287158)"
rer,Charles de Gaulle-Étoile,station,limited,"(48.8742672, 2.2948746)"
metro,Mairie de Saint-Ouen,station,yes,"(48.9132799, 2.3347489)"
tram,Remise à Jorelle,tram_stop,,"(48.8931117, 2.4877851)"
metro,Mairie de Saint-Ouen,station,,"(48.9123017, 2.3342679)"
metro,Carrefour Pleyel,station,no,"(48.919576, 2.3432563)"
metro,Saint-Denis - Porte de Paris,station,yes,"(48.9299051, 2.3562136)"
metro,Basilique de Saint-Denis,station,,"(48.9366278, 2.359281)"
metro,Gare du Nord (Métro),station,no,"(48.8795666, 2.3572124)"
rer,Aéroport Charles de Gaulle 1 (Terminal 3),station,,"(49.0097968, 2.5613473)"
tram,Rougemont - Chanteloup,station,,"(48.9308643, 2.5152264)"
rer,Gagny,station,,"(48.8838367, 2.525331)"
rer,Val-de-Fontenay (RER A),station,yes,"(48.854214, 2.488878)"
metro,Pont Neuf,station,no,"(48.8585776, 2.3422202)"
metro,Les Halles,station,,"(48.8624659, 2.3460086)"
metro,Réaumur - Sébastopol,station,no,"(48.8662481, 2.3526084)"
metro,Étienne Marcel,station,no,"(48.8639578, 2.3494891)"
metro,Château d'Eau,station,no,"(48.8728888, 2.3563528)"
metro,Chaussée d'Antin - La Fayette,station,no,"(48.8729876, 2.3333126)"
metro,Le Peletier,station,,"(48.8748603, 2.340218)"
metro,Cadet,station,no,"(48.8759778, 2.3444894)"
metro,Poissonnière,station,no,"(48.8771197, 2.3487446)"
metro,Pyramides,station,,"(48.8657452, 2.3344687)"
rer,Le Raincy — Villemomble — Montfermeil,station,,"(48.8889646, 2.5128589)"
rer,Stade de France - Saint-Denis,station,yes,"(48.9177, 2.3504824)"
metro,Porte d'Ivry,station,no,"(48.8216035, 2.3693411)"
metro,Front Populaire,station,yes,"(48.9064513, 2.3659403)"
tram,Porte d'Ivry,tram_stop,yes,"(48.8218568, 2.3700816)"
tram,Porte d'Ivry,tram_stop,yes,"(48.8218298, 2.3701033)"
rer,Saint-Ouen,station,,"(48.9053425, 2.3225017)"
rer,Les Grésillons,station,,"(48.9209417, 2.3137969)"
rer,Le Chénay — Gagny,station,,"(48.8771297, 2.5531103)"
rer,La Défense - Grande Arche,station,yes,"(48.8916675, 2.2387301)"
rer,Palaiseau,station,yes,"(48.7174709, 2.2460919)"
rer,Port Royal,station,yes,"(48.8400137, 2.3370805)"
rer,Denfert-Rochereau,station,yes,"(48.8329934, 2.3332221)"
rer,Fontenay-aux-Roses,station,yes,"(48.7876243, 2.2922259)"
rer,Sceaux,station,yes,"(48.7814457, 2.2974266)"
rer,Fontaine-Michalon,station,yes,"(48.743344, 2.2963401)"
rer,Les Baconnets,station,yes,"(48.7396044, 2.2874034)"
rer,Palaiseau - Villebon,station,yes,"(48.7077155, 2.23714)"
rer,Lozère,station,yes,"(48.7060077, 2.2118321)"
rer,Le Guichet,station,yes,"(48.7051397, 2.1920634)"
rer,Orsay-Ville,station,yes,"(48.6976543, 2.1819126)"
rer,Bures-sur-Yvette,station,yes,"(48.6958563, 2.1634155)"
rer,La Hacquinière,station,yes,"(48.6949675, 2.1527197)"
rer,Gif-sur-Yvette,station,yes,"(48.6982056, 2.1367365)"
rer,Courcelle-sur-Yvette,station,yes,"(48.70088, 2.0992121)"
tram,La Défense - Grande Arche,tram_stop,yes,"(48.8924409, 2.2372072)"
rer,Dourdan-la-Forêt,station,,"(48.535417, 1.9957332)"
rer,Dourdan,station,,"(48.5335903, 2.0097162)"
rer,Sermaise,station,,"(48.5355118, 2.0687979)"
rer,Saint-Gratien,station,,"(48.9638242, 2.2852018)"
metro,Saint-Denis - Université,station,yes,"(48.9458661, 2.3646538)"
rer,Houilles - Carrières-Sur-Seine,station,yes,"(48.9203204, 2.1853912)"
rer,Maisons-Laffitte,station,yes,"(48.9457671, 2.1444997)"
rer,Achères-Grand Cormier,station,,"(48.9552218, 2.0927981)"
rer,Saint-Germain-en-Laye,station,yes,"(48.8985708, 2.095027)"
rer,Chatou - Croissy,station,yes,"(48.8851964, 2.1562094)"
rer,Rueil-Malmaison,station,yes,"(48.8872851, 2.1715151)"
metro,Gambetta,station,no,"(48.8649327, 2.3980541)"
rer,Pierrefitte - Stains,station,,"(48.9601326, 2.3673945)"
rer,Haussmann - Saint-Lazare,station,yes,"(48.8749979, 2.3286951)"
tram,Bondy,tram_stop,yes,"(48.8941018, 2.4801432)"
tram,Allée de la Tour-Rendez-Vous,tram_stop,,"(48.8973242, 2.5065519)"
metro,Madeleine,station,no,"(48.8698297, 2.3252553)"
rer,Le Vert de Maisons,station,no,"(48.7890405, 2.4319613)"
metro,Courcelles,station,no,"(48.8794066, 2.3043565)"
rer,Boulainvilliers,station,yes,"(48.856567, 2.2751737)"
metro,Mairie d'Ivry,station,no,"(48.810989, 2.3839772)"
metro,Porte de Bagnolet,station,no,"(48.8646027, 2.407183)"
metro,Edgar Quinet,station,no,"(48.84111, 2.3250699)"
metro,Olympiades,station,yes,"(48.8270448, 2.3664175)"
metro,Bobigny - Pantin - Raymond Queneau,station,,"(48.8954065, 2.42519)"
metro,Porte de Pantin,station,limited,"(48.8886574, 2.3926771)"
metro,Laumière,station,no,"(48.8851647, 2.3794369)"
metro,Ourcq,station,no,"(48.8870772, 2.38664)"
metro,Hoche,station,no,"(48.8912849, 2.4025113)"
metro,Église de Pantin,station,,"(48.8932459, 2.4133107)"
metro,Porte de Versailles,station,no,"(48.8324338, 2.2879537)"
tram,Gargan,tram_stop,,"(48.9073372, 2.5165962)"
tram,Gargan,tram_stop,,"(48.9073753, 2.5164445)"
tram,Porte de Vincennes,tram_stop,yes,"(48.8473767, 2.4096564)"
tram,Le Luth,tram_stop,yes,"(48.9318146, 2.2886766)"
tram,Gare de Gennevilliers,tram_stop,yes,"(48.9334427, 2.3070934)"
tram,Le Village,tram_stop,yes,"(48.9333392, 2.2945809)"
tram,Mairie de Villeneuve-la-Garenne,tram_stop,yes,"(48.9356047, 2.3343426)"
tram,La Noue,tram_stop,yes,"(48.9349924, 2.3269578)"
tram,Parc des Chanteraines,tram_stop,yes,"(48.9339378, 2.3132779)"
tram,Chemin des Reniers,tram_stop,yes,"(48.9346056, 2.3214948)"
tram,Maurice Lachâtre,tram_stop,yes,"(48.9191735, 2.4138446)"
tram,Drancy-Avenir,tram_stop,yes,"(48.9177784, 2.417705)"
tram,La Courneuve - 8 Mai 1945,tram_stop,yes,"(48.9207769, 2.4106092)"
tram,Danton,tram_stop,yes,"(48.9227218, 2.4065946)"
tram,Stade Géo André,tram_stop,yes,"(48.9243665, 2.4020845)"
tram,Hôtel de Ville de la Courneuve,tram_stop,yes,"(48.9274193, 2.3923923)"
tram,La Courneuve 6 Routes,tram_stop,yes,"(48.9299692, 2.3847621)"
tram,Cosmonautes,tram_stop,yes,"(48.9317317, 2.3782584)"
tram,Théâtre Gérard Philipe,tram_stop,yes,"(48.9375137, 2.3504017)"
tram,Gaston Roulaud,tram_stop,yes,"(48.91409, 2.4312843)"
tram,Hôpital Avicenne,tram_stop,yes,"(48.9158386, 2.42501)"
tram,Hôtel de Ville de Bobigny,tram_stop,yes,"(48.9065327, 2.443996)"
tram,Libération,tram_stop,yes,"(48.9069307, 2.4386188)"
tram,La Ferme,tram_stop,yes,"(48.9096773, 2.4374829)"
tram,Gare de Noisy-le-Sec,tram_stop,yes,"(48.8959259, 2.4603394)"
tram,Jean Rostand,tram_stop,yes,"(48.9078139, 2.4543513)"
tram,Remise à Jorelle,tram_stop,yes,"(48.8931625, 2.4875408)"
metro,Rue du Bac,station,no,"(48.8551812, 2.3257736)"
metro;rer,Porte de Clichy,station,no,"(48.8944737, 2.3134274)"
metro,Gallieni,station,,"(48.8649458, 2.4154775)"
metro,Saint-Ouen,station,yes,"(48.9050244, 2.3224369)"
rer,Aulnay-sous-Bois,station,,"(48.9321485, 2.4960114)"
metro,Richelieu - Drouot,station,no,"(48.8719671, 2.3392504)"
metro,Corvisart,station,no,"(48.8298337, 2.3505078)"
metro,Boissière,station,no,"(48.8670347, 2.2901145)"
metro,Montparnasse-Bienvenüe,station,no,"(48.8421203, 2.3210032)"
metro,Raspail,station,no,"(48.838958, 2.3308101)"
